amino_acid	uptake_reaction
Alanine	M_ala_L_c_exchange
Arginine	M_arg_L_c_exchange
Asparagine	M_asn_L_c_exchange
Aspartate	M_asp_L_c_exchange
Cysteine	M_cys_L_c_exchange
Glutamate	M_glu_L_c_exchange
Glutamine	M_gln_L_c_exchange
Glycine	M_gly_L_c_exchange
Histidine	M_his_L_c_exchange
Isoleucine	M_ile_L_c_exchange
Leucine	M_leu_L_c_exchange
Lysine	M_lys_L_c_exchange
Methionine	M_met_L_c_exchange
Phenylalanine	M_phe_L_c_exchange
Proline	M_pro_L_c_exchange
Serine	M_ser_L_c_exchange
Threonine	M_thr_L_c_exchange
Tryptophan	M_trp_L_c_exchange
Tyrosine	M_tyr_L_c_exchange
Valine	M_val_L_c_exchange
