reaction	lower	upper
R_alaAC	0	100
R_alaAC_reverse	0	100
R_arg	0	100
R_aspC	0	100
R_asnB	0	100
R_asnA	0	100
R_cysEMK	0	100
R_gltBD	0	100
R_gdhA	0	100
R_gdhA_reverse	0	100
R_glnA	0	100
R_glyA	0	100
R_his	0	100
R_ile	0	100
R_leu	0	100
R_lys	0	100
R_met	0	100
R_phe	0	100
R_pro	0	100
R_serABC	0	100
R_thr	0	100
R_trp	0	100
R_tyr	0	100
R_val	0	100
R_arg_deg	0	0
R_asp_deg	0	0
R_asn_deg	0	0
R_gly_deg	0	0
R_mglx_deg	0	0
R_ser_deg	0	0
R_pro_deg	0	0
R_thr_deg1	0	0
R_thr_deg2	0	0
R_thr_deg3	0	0
R_trp_deg	0	0
R_cys_deg	0	0
R_lys_deg	0	0
R_gln_deg	0	0
R_glu_deg	0	0
R_gaba_deg1	0	0
R_gaba_deg2	0	0
M_o2_c_exchange	0	100
M_glc_D_c_exchange	0	30
M_pyr_c_exchange_reverse	0	0
M_succ_c_exchange	0	0
M_mal_L_c_exchange	0	0
M_fum_c_exchange	0	0
M_etoh_c_exchange	0	0
M_ala_L_c_exchange	0	30
M_ala_L_c_exchange_reverse	0	0
M_arg_L_c_exchange	0	30
M_arg_L_c_exchange_reverse	0	0
M_asn_L_c_exchange	0	30
M_asn_L_c_exchange_reverse	0	0
M_asp_L_c_exchange	0	30
M_asp_L_c_exchange_reverse	0	0
M_cys_L_c_exchange	0	30
M_cys_L_c_exchange_reverse	0	0
M_glu_L_c_exchange	0	30
M_glu_L_c_exchange_reverse	0	0
M_gln_L_c_exchange	0	30
M_gln_L_c_exchange_reverse	0	0
M_gly_L_c_exchange	0	30
M_gly_L_c_exchange_reverse	0	0
M_his_L_c_exchange	0	30
M_his_L_c_exchange_reverse	0	0
M_ile_L_c_exchange	0	30
M_ile_L_c_exchange_reverse	0	0
M_leu_L_c_exchange	0	30
M_leu_L_c_exchange_reverse	0	0
M_lys_L_c_exchange	0	30
M_lys_L_c_exchange_reverse	0	0
M_met_L_c_exchange	0	30
M_met_L_c_exchange_reverse	0	0
M_phe_L_c_exchange	0	30
M_phe_L_c_exchange_reverse	0	0
M_pro_L_c_exchange	0	30
M_pro_L_c_exchange_reverse	0	0
M_ser_L_c_exchange	0	30
M_ser_L_c_exchange_reverse	0	0
M_thr_L_c_exchange	0	30
M_thr_L_c_exchange_reverse	0	0
M_trp_L_c_exchange	0	30
M_trp_L_c_exchange_reverse	0	0
M_tyr_L_c_exchange	0	30
M_tyr_L_c_exchange_reverse	0	0
M_val_L_c_exchange	0	30
M_val_L_c_exchange_reverse	0	0
M_atp_exchange	0	0
M_adp_exchange	0	0
