reaction	lower	upper	equation
R_glk_atp	0	100	M_atp_c+M_glc_D_c --> M_adp_c+M_g6p_c
R_pgi	0	100	M_g6p_c --> M_f6p_c
R_pgi_reverse	0	100	M_f6p_c --> M_g6p_c
R_pfk	0	100	M_atp_c+M_f6p_c --> M_adp_c+M_fdp_c
R_fdp	0	100	M_fdp_c+M_h2o_c --> M_f6p_c+M_pi_c
R_fbaA	0	100	M_fdp_c --> M_dhap_c+M_g3p_c
R_fbaA_reverse	0	100	M_dhap_c+M_g3p_c --> M_fdp_c
R_tpiA	0	100	M_dhap_c --> M_g3p_c
R_tpiA_reverse	0	100	M_g3p_c --> M_dhap_c
R_gapA	0	100	M_g3p_c+M_nad_c+M_pi_c --> M_13dpg_c+M_h_c+M_nadh_c
R_gapA_reverse	0	100	M_13dpg_c+M_h_c+M_nadh_c --> M_g3p_c+M_nad_c+M_pi_c
R_pgk	0	100	M_13dpg_c+M_adp_c --> M_3pg_c+M_atp_c
R_pgk_reverse	0	100	M_3pg_c+M_atp_c --> M_13dpg_c+M_adp_c
R_gpm	0	100	M_3pg_c --> M_2pg_c
R_gpm_reverse	0	100	M_2pg_c --> M_3pg_c
R_eno	0	100	M_2pg_c --> M_h2o_c+M_pep_c
R_eno_reverse	0	100	M_h2o_c+M_pep_c --> M_2pg_c
R_pyk	0	100	M_adp_c+M_pep_c --> M_atp_c+M_pyr_c
R_pck	0	100	M_atp_c+M_oaa_c --> M_adp_c+M_co2_c+M_pep_c
R_ppc	0	100	M_co2_c+M_h2o_c+M_pep_c --> M_oaa_c+M_pi_c
R_pdh	0	100	M_coa_c+M_nad_c+M_pyr_c --> M_accoa_c+M_co2_c+M_nadh_c+M_h_c
R_pps	0	100	M_atp_c+M_h2o_c+M_pyr_c --> M_amp_c+M_pep_c+M_pi_c
R_zwf	0	100	M_g6p_c+M_nadp_c --> M_6pgl_c+M_h_c+M_nadph_c
R_zwf_reverse	0	100	M_6pgl_c+M_h_c+M_nadph_c --> M_g6p_c+M_nadp_c
R_pgl	0	100	M_6pgl_c+M_h2o_c --> M_6pgc_c
R_gnd	0	100	M_6pgc_c+M_nadp_c --> M_co2_c+M_nadph_c+M_ru5p_D_c+M_h_c
R_rpe	0	100	M_ru5p_D_c --> M_xu5p_D_c
R_rpe_reverse	0	100	M_xu5p_D_c --> M_ru5p_D_c
R_rpi	0	100	M_r5p_c --> M_ru5p_D_c
R_rpi_reverse	0	100	M_ru5p_D_c --> M_r5p_c
R_talAB	0	100	M_g3p_c+M_s7p_c --> M_e4p_c+M_f6p_c
R_talAB_reverse	0	100	M_e4p_c+M_f6p_c --> M_g3p_c+M_s7p_c
R_tkt1	0	100	M_r5p_c+M_xu5p_D_c --> M_g3p_c+M_s7p_c
R_tkt1_reverse	0	100	M_g3p_c+M_s7p_c --> M_r5p_c+M_xu5p_D_c
R_tkt2	0	100	M_e4p_c+M_xu5p_D_c --> M_f6p_c+M_g3p_c
R_tkt2_reverse	0	100	M_f6p_c+M_g3p_c --> M_e4p_c+M_xu5p_D_c
R_edd	0	100	M_6pgc_c --> M_2ddg6p_c+M_h2o_c
R_eda	0	100	M_2ddg6p_c --> M_g3p_c+M_pyr_c
R_gltA	0	100	M_accoa_c+M_h2o_c+M_oaa_c --> M_cit_c+M_coa_c
R_acn	0	100	M_cit_c --> M_icit_c
R_acn_reverse	0	100	M_icit_c --> M_cit_c
R_icd	0	100	M_icit_c+M_nadp_c --> M_akg_c+M_co2_c+M_nadph_c+M_h_c
R_icd_reverse	0	100	M_akg_c+M_co2_c+M_nadph_c+M_h_c --> M_icit_c+M_nadp_c
R_sucAB	0	100	M_akg_c+M_coa_c+M_nad_c --> M_co2_c+M_nadh_c+M_succoa_c+M_h_c
R_sucCD	0	100	M_adp_c+M_pi_c+M_succoa_c --> M_atp_c+M_coa_c+M_succ_c
R_sdh	0	100	M_q8_c+M_succ_c --> M_fum_c+M_q8h2_c
R_frd	0	100	M_fum_c+M_mql8_c --> M_mqn8_c+M_succ_c
R_fum	0	100	M_fum_c+M_h2o_c --> M_mal_L_c
R_fum_reverse	0	100	M_mal_L_c --> M_fum_c+M_h2o_c
R_mdh	0	100	M_mal_L_c+M_nad_c --> M_oaa_c+M_h_c+M_nadh_c
R_mdh_reverse	0	100	M_oaa_c+M_h_c+M_nadh_c --> M_mal_L_c+M_nad_c
R_cyd	0	100	2.0*M_h_c+0.5*M_o2_c+M_q8h2_c --> M_h2o_c+M_q8_c+2.0*M_he_c
R_cyo	0	100	4.0*M_h_c+0.5*M_o2_c+M_q8h2_c --> M_h2o_c+M_q8_c+4.0*M_he_c
R_app	0	100	2.0*M_h_c+M_mql8_c+0.5*M_o2_c --> M_h2o_c+M_mqn8_c+2.0*M_he_c
R_atp	0	100	M_adp_c+M_pi_c+4.0*M_he_c --> M_atp_c+4.0*M_h_c+M_h2o_c
R_nuo	0	100	3.0*M_h_c+M_nadh_c+M_q8_c --> M_nad_c+M_q8h2_c+2.0*M_he_c
R_pnt1	0	100	M_nad_c+M_nadph_c --> M_nadh_c+M_nadp_c
R_pnt2	0	100	M_nadh_c+M_nadp_c+2.0*M_he_c --> 2.0*M_h_c+M_nad_c+M_nadph_c
R_ndh1	0	100	M_h_c+M_nadh_c+M_q8_c --> M_nad_c+M_q8h2_c
R_ndh2	0	100	M_h_c+M_mqn8_c+M_nadh_c --> M_mql8_c+M_nad_c
R_ppa	0	100	M_ppi_c+M_h2o_c --> 2.0*M_pi_c
R_aceA	0	100	M_icit_c --> M_glx_c+M_succ_c
R_aceB	0	100	M_accoa_c+M_glx_c+M_h2o_c --> M_coa_c+M_mal_L_c
R_maeA	0	100	M_mal_L_c+M_nad_c --> M_co2_c+M_nadh_c+M_pyr_c+M_h_c
R_maeB	0	100	M_mal_L_c+M_nadp_c --> M_co2_c+M_nadph_c+M_pyr_c+M_h_c
R_pta	0	100	M_accoa_c+M_pi_c --> M_actp_c+M_coa_c
R_pta_reverse	0	100	M_actp_c+M_coa_c --> M_accoa_c+M_pi_c
R_ackA	0	100	M_actp_c+M_adp_c --> M_ac_c+M_atp_c
R_ackA_reverse	0	100	M_ac_c+M_atp_c --> M_actp_c+M_adp_c
R_acs	0	100	M_ac_c+M_atp_c+M_coa_c --> M_accoa_c+M_amp_c+M_ppi_c
R_adhE	0	100	M_accoa_c+2.0*M_h_c+2.0*M_nadh_c --> M_coa_c+M_etoh_c+2.0*M_nad_c
R_adhE_reverse	0	100	M_coa_c+M_etoh_c+2.0*M_nad_c --> M_accoa_c+2.0*M_h_c+2.0*M_nadh_c
R_ldh	0	100	M_pyr_c+M_nadh_c+M_h_c --> M_lac_D_c+M_nad_c
R_ldh_reverse	0	100	M_lac_D_c+M_nad_c --> M_pyr_c+M_nadh_c+M_h_c
R_pflAB	0	100	M_coa_c+M_pyr_c --> M_accoa_c+M_for_c
R_alaAC	0	100	M_pyr_c+M_glu_L_c --> M_ala_L_c+M_akg_c
R_alaAC_reverse	0	100	M_ala_L_c+M_akg_c --> M_pyr_c+M_glu_L_c
R_arg	0	100	M_accoa_c+2.0*M_glu_L_c+3.0*M_atp_c+M_nadph_c+M_h_c+M_h2o_c+M_nh3_c+M_co2_c+M_asp_L_c --> M_coa_c+2.0*M_adp_c+2.0*M_pi_c+M_nadp_c+M_akg_c+M_ac_c+M_amp_c+M_ppi_c+M_fum_c+M_arg_L_c
R_aspC	0	100	M_glu_L_c+M_oaa_c --> M_asp_L_c+M_akg_c
R_asnB	0	100	M_asp_L_c+M_gln_L_c+M_h2o_c+M_atp_c --> M_asn_L_c+M_glu_L_c+M_ppi_c+M_amp_c
R_asnA	0	100	M_asp_L_c+M_atp_c+M_nh3_c --> M_asn_L_c+M_ppi_c+M_amp_c
R_cysEMK	0	100	M_ser_L_c+M_accoa_c+M_h2s_c --> M_cys_L_c+M_coa_c+M_ac_c
R_gltBD	0	100	M_gln_L_c+M_akg_c+M_nadph_c+M_h_c --> 2.0*M_glu_L_c+M_nadp_c
R_gdhA	0	100	M_akg_c+M_nadph_c+M_nh3_c+M_h_c --> M_glu_L_c+M_h2o_c+M_nadp_c
R_gdhA_reverse	0	100	M_glu_L_c+M_h2o_c+M_nadp_c --> M_akg_c+M_nadph_c+M_nh3_c+M_h_c
R_glnA	0	100	M_glu_L_c+M_atp_c+M_nh3_c --> M_gln_L_c+M_adp_c+M_pi_c
R_glyA	0	100	M_ser_L_c+M_thf_c --> M_gly_L_c+M_h2o_c+M_mlthf_c
R_his	0	100	M_gln_L_c+M_r5p_c+2.0*M_atp_c+2.0*M_nad_c+3.0*M_h2o_c --> M_his_L_c+M_akg_c+M_aicar_c+2.0*M_nadh_c+M_amp_c+M_pi_c+2.0*M_ppi_c+2.0*M_h_c
R_ile	0	100	M_thr_L_c+M_h_c+M_pyr_c+M_nadph_c+M_glu_L_c --> M_ile_L_c+M_h2o_c+M_nh3_c+M_co2_c+M_nadp_c+M_akg_c
R_leu	0	100	2.0*M_pyr_c+M_glu_L_c+M_nad_c+M_nadph_c+M_accoa_c --> M_leu_L_c+2.0*M_co2_c+M_nadp_c+M_coa_c+M_nadh_c+M_akg_c
R_lys	0	100	M_asp_L_c+M_atp_c+2.0*M_nadph_c+2.0*M_h_c+M_pyr_c+M_succoa_c+M_glu_L_c --> M_lys_L_c+M_adp_c+M_pi_c+2.0*M_nadp_c+M_coa_c+M_akg_c+M_succ_c+M_co2_c
R_met	0	100	M_asp_L_c+M_cys_L_c+M_succoa_c+M_atp_c+2.0*M_nadph_c+M_5mthf_c+M_h2o_c+2.0*M_h_c --> M_met_L_c+M_coa_c+M_succ_c+M_adp_c+M_pi_c+2.0*M_nadp_c+M_thf_c+M_nh3_c+M_pyr_c
R_phe	0	100	M_chor_c+M_glu_L_c --> M_phe_L_c+M_co2_c+M_h2o_c+M_akg_c
R_pro	0	100	M_glu_L_c+M_atp_c+2.0*M_h_c+2.0*M_nadph_c --> M_pro_L_c+M_adp_c+2.0*M_nadp_c+M_pi_c+M_h2o_c
R_serABC	0	100	M_3pg_c+M_nad_c+M_glu_L_c+M_h2o_c --> M_ser_L_c+M_nadh_c+M_h_c+M_akg_c+M_pi_c
R_thr	0	100	M_asp_L_c+2.0*M_atp_c+2.0*M_nadph_c+2.0*M_h_c+M_h2o_c --> M_thr_L_c+2.0*M_adp_c+2.0*M_pi_c+2.0*M_nadp_c
R_trp	0	100	M_chor_c+M_gln_L_c+M_ser_L_c+M_r5p_c+M_atp_c --> M_trp_L_c+M_glu_L_c+M_pyr_c+M_ppi_c+2.0*M_h2o_c+M_co2_c+M_g3p_c+M_amp_c
R_tyr	0	100	M_chor_c+M_glu_L_c+M_nad_c --> M_tyr_L_c+M_akg_c+M_nadh_c+M_co2_c+M_h_c
R_val	0	100	2.0*M_pyr_c+M_h_c+M_nadph_c+M_glu_L_c --> M_val_L_c+M_co2_c+M_nadp_c+M_h2o_c+M_akg_c
R_arg_deg	0	100	M_arg_L_c+4.0*M_h2o_c+M_nad_c+M_akg_c+M_succoa_c --> M_h_c+M_co2_c+2.0*M_glu_L_c+2.0*M_nh3_c+M_nadh_c+M_succ_c+M_coa_c
R_asp_deg	0	100	M_asp_L_c --> M_fum_c+M_nh3_c
R_asn_deg	0	100	M_asn_L_c+M_amp_c+M_ppi_c --> M_nh3_c+M_asp_L_c+M_atp_c
R_gly_deg	0	100	M_gly_L_c+M_accoa_c+M_o2_c+M_h2o_c --> M_coa_c+M_co2_c+M_h2o2_c+M_nh3_c+M_mglx_c
R_mglx_deg	0	100	M_mglx_c+M_nad_c+M_h2o_c --> M_pyr_c+M_nadh_c+M_h_c
R_ser_deg	0	100	M_ser_L_c --> M_nh3_c+M_pyr_c
R_pro_deg	0	100	M_pro_L_c+M_q8_c+2.0*M_h2o_c+M_nad_c --> M_h_c+M_q8h2_c+M_nadh_c+M_glu_L_c
R_thr_deg1	0	100	M_thr_L_c+M_nad_c+M_coa_c --> M_nadh_c+M_h_c+M_accoa_c+M_gly_L_c
R_thr_deg2	0	100	M_thr_L_c+M_nad_c+M_o2_c+M_h2o_c --> M_nadh_c+M_co2_c+M_h2o2_c+M_nh3_c+M_mglx_c+M_h_c
R_thr_deg3	0	100	M_thr_L_c+M_pi_c+M_adp_c --> M_nh3_c+M_for_c+M_atp_c+M_prop_c
R_trp_deg	0	100	M_trp_L_c+M_h2o_c --> M_indole_c+M_nh3_c+M_pyr_c
R_cys_deg	0	100	M_cys_L_c+M_h2o_c --> M_h2s_c+M_nh3_c+M_pyr_c
R_lys_deg	0	100	M_lys_L_c --> M_co2_c+M_cadav_c
R_gln_deg	0	100	M_gln_L_c+M_h2o_c --> M_nh3_c+M_glu_L_c
R_glu_deg	0	100	M_glu_L_c --> M_co2_c+M_gaba_c
R_gaba_deg1	0	100	M_gaba_c+M_akg_c+M_h2o_c+M_nad_c --> M_succ_c+M_glu_L_c+M_h_c+M_nadh_c
R_gaba_deg2	0	100	M_gaba_c+M_akg_c+M_h2o_c+M_nadp_c --> M_succ_c+M_glu_L_c+M_h_c+M_nadph_c
R_chor	0	100	M_e4p_c+2.0*M_pep_c+M_nadph_c+M_atp_c+M_h_c --> M_chor_c+M_nadp_c+M_adp_c+4.0*M_pi_c
R_fol_e	0	100	M_gtp_c+4.0*M_h2o_c --> M_for_c+3.0*M_pi_c+M_glycoA_c+M_78mdp_c
R_fol_1	0	100	M_chor_c+M_gln_L_c --> M_4adochor_c+M_glu_L_c
R_fol_2a	0	100	M_4adochor_c --> M_4abz_c+M_pyr_c
R_fol_2b	0	100	M_4abz_c+M_78mdp_c --> M_78dhf_c+M_h2o_c
R_fol_3	0	100	M_78dhf_c+M_atp_c+M_glu_L_c --> M_adp_c+M_pi_c+M_dhf_c
R_fol_4	0	100	M_dhf_c+M_nadph_c+M_h_c --> M_thf_c+M_nadp_c
R_gly_fol	0	100	M_gly_L_c+M_thf_c+M_nad_c --> M_mlthf_c+M_nh3_c+M_co2_c+M_nadh_c+M_h_c
R_gly_fol_reverse	0	100	M_mlthf_c+M_nh3_c+M_co2_c+M_nadh_c+M_h_c --> M_gly_L_c+M_thf_c+M_nad_c
R_mthfd	0	100	M_mlthf_c+M_nadp_c --> M_methf_c+M_nadph_c
R_mthfd_reverse	0	100	M_methf_c+M_nadph_c --> M_mlthf_c+M_nadp_c
R_mthfc	0	100	M_h2o_c+M_methf_c --> M_10fthf_c+M_h_c
R_mthfc_reverse	0	100	M_10fthf_c+M_h_c --> M_h2o_c+M_methf_c
R_mthfr2a	0	100	M_mlthf_c+M_h_c+M_nadh_c --> M_5mthf_c+M_nad_c
R_mthfr2b	0	100	M_mlthf_c+M_h_c+M_nadph_c --> M_5mthf_c+M_nadp_c
R_prpp_syn	0	100	M_r5p_c+M_atp_c --> M_prpp_c+M_amp_c
R_or_syn_1	0	100	2.0*M_atp_c+M_gln_L_c+M_hco3_c+M_h2o_c+M_h_c --> 2.0*M_adp_c+M_glu_L_c+M_pi_c+M_clasp_c
R_or_syn_2	0	100	M_clasp_c+M_asp_L_c+M_q8_c --> M_or_c+M_q8h2_c+M_h2o_c+M_pi_c
R_omp_syn	0	100	M_prpp_c+M_or_c --> M_omp_c+M_ppi_c
R_ump_syn	0	100	M_omp_c --> M_ump_c+M_co2_c
R_ctp_1	0	100	M_utp_c+M_atp_c+M_nh3_c --> M_ctp_c+M_adp_c+M_pi_c
R_ctp_2	0	100	M_utp_c+M_gln_L_c+M_atp_c+M_h2o_c --> M_ctp_c+M_glu_L_c+M_adp_c+M_pi_c
R_A_syn_1	0	100	M_gln_L_c+M_prpp_c+M_h2o_c --> M_5pbdra+M_ppi_c+M_glu_L_c
R_A_syn_2	0	100	M_atp_c+M_5pbdra+M_gly_L_c --> M_adp_c+M_pi_c+M_gar_c
R_A_syn_3	0	100	M_10fthf_c+M_gar_c --> M_thf_c+M_fgar_c
R_A_syn_4	0	100	M_atp_c+M_fgar_c+M_gln_L_c+M_h2o_c --> M_adp_c+M_pi_c+M_fgam_c+M_glu_L_c
R_A_syn_5	0	100	M_atp_c+M_fgam_c --> M_adp_c+M_pi_c+M_air_c
R_A_syn_6	0	100	M_atp_c+M_air_c+M_hco3_c+M_h_c --> M_adp_c+M_pi_c+M_cair_c
R_A_syn_7	0	100	M_atp_c+M_cair_c+M_asp_L_c --> M_adp_c+M_pi_c+M_saicar_c
R_A_syn_8	0	100	M_saicar_c --> M_fum_c+M_aicar_c
R_A_syn_9	0	100	M_aicar_c+M_10fthf_c --> M_thf_c+M_faicar_c
R_A_syn_10	0	100	M_faicar_c --> M_imp_c+M_h2o_c
R_A_syn_12	0	100	M_imp_c+M_gtp_c+M_asp_L_c --> M_gdp_c+M_pi_c+M_fum_c+M_amp_c
R_xmp_syn	0	100	M_imp_c+M_nad_c+M_h2o_c --> M_xmp_c+M_nadh_c+M_h_c
R_gmp_syn	0	100	M_atp_c+M_xmp_c+M_gln_L_c+M_h2o_c --> M_amp_c+M_ppi_c+M_gmp_c+M_glu_L_c
R_atp_amp	0	100	M_atp_c+M_h2o_c --> M_amp_c+M_ppi_c
R_utp_ump	0	100	M_utp_c+M_h2o_c --> M_ump_c+M_ppi_c
R_ctp_cmp	0	100	M_ctp_c+M_h2o_c --> M_cmp_c+M_ppi_c
R_gtp_gmp	0	100	M_gtp_c+M_h2o_c --> M_gmp_c+M_ppi_c
R_atp_adp	0	100	M_atp_c+M_h2o_c --> M_adp_c+M_pi_c
R_utp_adp	0	100	M_utp_c+M_h2o_c --> M_udp_c+M_pi_c
R_ctp_adp	0	100	M_ctp_c+M_h2o_c --> M_cdp_c+M_pi_c
R_gtp_adp	0	100	M_gtp_c+M_h2o_c --> M_gdp_c+M_pi_c
R_udp_utp	0	100	M_udp_c+M_atp_c --> M_utp_c+M_adp_c
R_cdp_ctp	0	100	M_cdp_c+M_atp_c --> M_ctp_c+M_adp_c
R_gdp_gtp	0	100	M_gdp_c+M_atp_c --> M_gtp_c+M_adp_c
R_atp_ump	0	100	M_atp_c+M_ump_c --> M_adp_c+M_udp_c
R_atp_cmp	0	100	M_atp_c+M_cmp_c --> M_adp_c+M_cdp_c
R_atp_gmp	0	100	M_atp_c+M_gmp_c --> M_adp_c+M_gdp_c
R_adk_atp	0	100	M_amp_c+M_atp_c --> 2.0*M_adp_c
transcriptional_initiation_deGFP	0	100	GENE_deGFP+RNAP --> OPEN_GENE_deGFP
transcription_deGFP	0	100	OPEN_GENE_deGFP+183.0*M_gtp_c+231.0*M_ctp_c+101.0*M_utp_c+163.0*M_atp_c+678.0*M_h2o_c --> mRNA_deGFP+GENE_deGFP+RNAP+678.0*M_ppi_c
mRNA_degradation_deGFP	0	100	mRNA_deGFP --> 183.0*M_gmp_c+231.0*M_cmp_c+101.0*M_ump_c+163.0*M_amp_c
translation_initiation_deGFP	0	100	mRNA_deGFP+RIBOSOME --> RIBOSOME_START_deGFP
translation_deGFP	0	100	RIBOSOME_START_deGFP+450.0*M_gtp_c+450.0*M_h2o_c+8.0*M_ala_L_c_tRNA_c+6.0*M_arg_L_c_tRNA_c+13.0*M_asn_L_c_tRNA_c+17.0*M_asp_L_c_tRNA_c+2.0*M_cys_L_c_tRNA_c+14.0*M_glu_L_c_tRNA_c+8.0*M_gln_L_c_tRNA_c+20.0*M_gly_L_c_tRNA_c+9.0*M_his_L_c_tRNA_c+12.0*M_ile_L_c_tRNA_c+19.0*M_leu_L_c_tRNA_c+18.0*M_lys_L_c_tRNA_c+5.0*M_met_L_c_tRNA_c+12.0*M_phe_L_c_tRNA_c+10.0*M_pro_L_c_tRNA_c+9.0*M_ser_L_c_tRNA_c+15.0*M_thr_L_c_tRNA_c+M_trp_L_c_tRNA_c+10.0*M_tyr_L_c_tRNA_c+17.0*M_val_L_c_tRNA_c --> RIBOSOME+mRNA_deGFP+PROTEIN_deGFP+450.0*M_gdp_c+450.0*M_pi_c+225.0*tRNA_c
tRNA_c_charging_M_ala_L_c_deGFP	0	100	8.0*M_ala_L_c+8.0*M_atp_c+8.0*tRNA_c+8.0*M_h2o_c --> 8.0*M_ala_L_c_tRNA_c+8.0*M_amp_c+8.0*M_ppi_c
tRNA_c_charging_M_arg_L_c_deGFP	0	100	6.0*M_arg_L_c+6.0*M_atp_c+6.0*tRNA_c+6.0*M_h2o_c --> 6.0*M_arg_L_c_tRNA_c+6.0*M_amp_c+6.0*M_ppi_c
tRNA_c_charging_M_asn_L_c_deGFP	0	100	13.0*M_asn_L_c+13.0*M_atp_c+13.0*tRNA_c+13.0*M_h2o_c --> 13.0*M_asn_L_c_tRNA_c+13.0*M_amp_c+13.0*M_ppi_c
tRNA_c_charging_M_asp_L_c_deGFP	0	100	17.0*M_asp_L_c+17.0*M_atp_c+17.0*tRNA_c+17.0*M_h2o_c --> 17.0*M_asp_L_c_tRNA_c+17.0*M_amp_c+17.0*M_ppi_c
tRNA_c_charging_M_cys_L_c_deGFP	0	100	2.0*M_cys_L_c+2.0*M_atp_c+2.0*tRNA_c+2.0*M_h2o_c --> 2.0*M_cys_L_c_tRNA_c+2.0*M_amp_c+2.0*M_ppi_c
tRNA_c_charging_M_glu_L_c_deGFP	0	100	14.0*M_glu_L_c+14.0*M_atp_c+14.0*tRNA_c+14.0*M_h2o_c --> 14.0*M_glu_L_c_tRNA_c+14.0*M_amp_c+14.0*M_ppi_c
tRNA_c_charging_M_gln_L_c_deGFP	0	100	8.0*M_gln_L_c+8.0*M_atp_c+8.0*tRNA_c+8.0*M_h2o_c --> 8.0*M_gln_L_c_tRNA_c+8.0*M_amp_c+8.0*M_ppi_c
tRNA_c_charging_M_gly_L_c_deGFP	0	100	20.0*M_gly_L_c+20.0*M_atp_c+20.0*tRNA_c+20.0*M_h2o_c --> 20.0*M_gly_L_c_tRNA_c+20.0*M_amp_c+20.0*M_ppi_c
tRNA_c_charging_M_his_L_c_deGFP	0	100	9.0*M_his_L_c+9.0*M_atp_c+9.0*tRNA_c+9.0*M_h2o_c --> 9.0*M_his_L_c_tRNA_c+9.0*M_amp_c+9.0*M_ppi_c
tRNA_c_charging_M_ile_L_c_deGFP	0	100	12.0*M_ile_L_c+12.0*M_atp_c+12.0*tRNA_c+12.0*M_h2o_c --> 12.0*M_ile_L_c_tRNA_c+12.0*M_amp_c+12.0*M_ppi_c
tRNA_c_charging_M_leu_L_c_deGFP	0	100	19.0*M_leu_L_c+19.0*M_atp_c+19.0*tRNA_c+19.0*M_h2o_c --> 19.0*M_leu_L_c_tRNA_c+19.0*M_amp_c+19.0*M_ppi_c
tRNA_c_charging_M_lys_L_c_deGFP	0	100	18.0*M_lys_L_c+18.0*M_atp_c+18.0*tRNA_c+18.0*M_h2o_c --> 18.0*M_lys_L_c_tRNA_c+18.0*M_amp_c+18.0*M_ppi_c
tRNA_c_charging_M_met_L_c_deGFP	0	100	5.0*M_met_L_c+5.0*M_atp_c+5.0*tRNA_c+5.0*M_h2o_c --> 5.0*M_met_L_c_tRNA_c+5.0*M_amp_c+5.0*M_ppi_c
tRNA_c_charging_M_phe_L_c_deGFP	0	100	12.0*M_phe_L_c+12.0*M_atp_c+12.0*tRNA_c+12.0*M_h2o_c --> 12.0*M_phe_L_c_tRNA_c+12.0*M_amp_c+12.0*M_ppi_c
tRNA_c_charging_M_pro_L_c_deGFP	0	100	10.0*M_pro_L_c+10.0*M_atp_c+10.0*tRNA_c+10.0*M_h2o_c --> 10.0*M_pro_L_c_tRNA_c+10.0*M_amp_c+10.0*M_ppi_c
tRNA_c_charging_M_ser_L_c_deGFP	0	100	9.0*M_ser_L_c+9.0*M_atp_c+9.0*tRNA_c+9.0*M_h2o_c --> 9.0*M_ser_L_c_tRNA_c+9.0*M_amp_c+9.0*M_ppi_c
tRNA_c_charging_M_thr_L_c_deGFP	0	100	15.0*M_thr_L_c+15.0*M_atp_c+15.0*tRNA_c+15.0*M_h2o_c --> 15.0*M_thr_L_c_tRNA_c+15.0*M_amp_c+15.0*M_ppi_c
tRNA_c_charging_M_trp_L_c_deGFP	0	100	M_trp_L_c+M_atp_c+tRNA_c+M_h2o_c --> M_trp_L_c_tRNA_c+M_amp_c+M_ppi_c
tRNA_c_charging_M_tyr_L_c_deGFP	0	100	10.0*M_tyr_L_c+10.0*M_atp_c+10.0*tRNA_c+10.0*M_h2o_c --> 10.0*M_tyr_L_c_tRNA_c+10.0*M_amp_c+10.0*M_ppi_c
tRNA_c_charging_M_val_L_c_deGFP	0	100	17.0*M_val_L_c+17.0*M_atp_c+17.0*tRNA_c+17.0*M_h2o_c --> 17.0*M_val_L_c_tRNA_c+17.0*M_amp_c+17.0*M_ppi_c
tRNA_c_exchange	0	100	[] --> tRNA_c
tRNA_c_exchange_reverse	0	100	tRNA_c --> []
PROTEIN_export_deGFP	0	100	PROTEIN_deGFP --> []
M_o2_c_exchange	0	100	[] --> M_o2_c
M_co2_c_exchange	0	100	M_co2_c --> []
M_h_c_exchange	0	100	M_h_c --> []
M_h_c_exchange_reverse	0	100	[] --> M_h_c
M_h2s_c_exchange	0	100	[] --> M_h2s_c
M_h2s_c_exchange_reverse	0	100	M_h2s_c --> []
M_h2o_c_exchange	0	100	[] --> M_h2o_c
M_h2o_c_exchange_reverse	0	100	M_h2o_c --> []
M_pi_c_exchange	0	100	[] --> M_pi_c
M_pi_c_exchange_reverse	0	100	M_pi_c --> []
M_nh3_c_exchange	0	100	[] --> M_nh3_c
M_nh3_c_exchange_reverse	0	100	M_nh3_c --> []
M_glc_D_c_exchange	0	100	[] --> M_glc_D_c
M_hco3_c_exchange	0	100	[] --> M_hco3_c
M_hco3_c_exchange_reverse	0	100	M_hco3_c --> []
M_pyr_c_exchange	0	100	M_pyr_c --> []
M_pyr_c_exchange_reverse	0	100	[] --> M_pyr_c
M_ac_c_exchange	0	100	M_ac_c --> []
M_lac_D_c_exchange	0	100	M_lac_D_c --> []
M_succ_c_exchange	0	100	M_succ_c --> []
M_mal_L_c_exchange	0	100	M_mal_L_c --> []
M_fum_c_exchange	0	100	M_fum_c --> []
M_etoh_c_exchange	0	100	M_etoh_c --> []
M_mglx_c_exchange	0	100	M_mglx_c --> []
M_prop_c_exchange	0	100	M_prop_c --> []
M_indole_c_exchange	0	100	M_indole_c --> []
M_cadav_c_exchange	0	100	M_cadav_c --> []
M_gaba_c_exchange	0	100	M_gaba_c --> []
M_glycoA_c_exchange	0	100	M_glycoA_c --> []
M_ala_L_c_exchange	0	100	[] --> M_ala_L_c
M_ala_L_c_exchange_reverse	0	100	M_ala_L_c --> []
M_arg_L_c_exchange	0	100	[] --> M_arg_L_c
M_arg_L_c_exchange_reverse	0	100	M_arg_L_c --> []
M_asn_L_c_exchange	0	100	[] --> M_asn_L_c
M_asn_L_c_exchange_reverse	0	100	M_asn_L_c --> []
M_asp_L_c_exchange	0	100	[] --> M_asp_L_c
M_asp_L_c_exchange_reverse	0	100	M_asp_L_c --> []
M_cys_L_c_exchange	0	100	[] --> M_cys_L_c
M_cys_L_c_exchange_reverse	0	100	M_cys_L_c --> []
M_glu_L_c_exchange	0	100	[] --> M_glu_L_c
M_glu_L_c_exchange_reverse	0	100	M_glu_L_c --> []
M_gln_L_c_exchange	0	100	[] --> M_gln_L_c
M_gln_L_c_exchange_reverse	0	100	M_gln_L_c --> []
M_gly_L_c_exchange	0	100	[] --> M_gly_L_c
M_gly_L_c_exchange_reverse	0	100	M_gly_L_c --> []
M_his_L_c_exchange	0	100	[] --> M_his_L_c
M_his_L_c_exchange_reverse	0	100	M_his_L_c --> []
M_ile_L_c_exchange	0	100	[] --> M_ile_L_c
M_ile_L_c_exchange_reverse	0	100	M_ile_L_c --> []
M_leu_L_c_exchange	0	100	[] --> M_leu_L_c
M_leu_L_c_exchange_reverse	0	100	M_leu_L_c --> []
M_lys_L_c_exchange	0	100	[] --> M_lys_L_c
M_lys_L_c_exchange_reverse	0	100	M_lys_L_c --> []
M_met_L_c_exchange	0	100	[] --> M_met_L_c
M_met_L_c_exchange_reverse	0	100	M_met_L_c --> []
M_phe_L_c_exchange	0	100	[] --> M_phe_L_c
M_phe_L_c_exchange_reverse	0	100	M_phe_L_c --> []
M_pro_L_c_exchange	0	100	[] --> M_pro_L_c
M_pro_L_c_exchange_reverse	0	100	M_pro_L_c --> []
M_ser_L_c_exchange	0	100	[] --> M_ser_L_c
M_ser_L_c_exchange_reverse	0	100	M_ser_L_c --> []
M_thr_L_c_exchange	0	100	[] --> M_thr_L_c
M_thr_L_c_exchange_reverse	0	100	M_thr_L_c --> []
M_trp_L_c_exchange	0	100	[] --> M_trp_L_c
M_trp_L_c_exchange_reverse	0	100	M_trp_L_c --> []
M_tyr_L_c_exchange	0	100	[] --> M_tyr_L_c
M_tyr_L_c_exchange_reverse	0	100	M_tyr_L_c --> []
M_val_L_c_exchange	0	100	[] --> M_val_L_c
M_val_L_c_exchange_reverse	0	100	M_val_L_c --> []
M_atp_exchange	0	100	M_atp_c --> []
M_adp_exchange	0	100	[] --> M_adp_c
